min_cluster_size,n_components,n_neighbors,diversity_score,c_v_score,document_coverage,number_of_topics,model_name
25,10,10,0.690456081081081,0.3672071757184299,0.734477978550062,240,robbert
30,5,10,0.637008991954567,0.3635018103932981,0.6270580510226416,212,qwen3
20,15,10,0.6405563689604685,0.3634931774148097,0.6707118363773438,279,mpnet
