min_cluster_size,n_components,n_neighbors,diversity_score,c_v_score,document_coverage,number_of_topics,model_name
25,5,10,0.657030223390276,0.3542366533870856,0.6845497215399207,229,mpnet
20,7,10,0.648471615720524,0.358486924986253,0.6881003915464871,280,mpnet
20,5,10,0.645949720670391,0.3553708268854014,0.6805856173545076,291,mpnet
25,10,10,0.637668918918919,0.3546502089567316,0.6305844013716286,238,qwen3
20,5,10,0.6178045515394913,0.3476267626239953,0.6271066903378001,302,qwen3
20,10,10,0.6145580589254767,0.350826493865519,0.6336486782266105,292,qwen3
30,10,10,0.6941066417212348,0.3650556971681407,0.7478294705610545,216,robbert
25,10,10,0.690456081081081,0.3672071757184299,0.734477978550062,240,robbert
25,15,10,0.6840764331210191,0.3653670030837042,0.7358885186896569,239,robbert
