min_cluster_size,n_components,n_neighbors,diversity_score,c_v_score,document_coverage,number_of_topics,model_name
30,10,10,0.6941066417212348,0.3650556971681407,0.7478294705610545,216,robbert
25,7,10,0.6695957820738138,0.3618807876552732,0.6760378413871933,230,mpnet
40,15,10,0.6414715719063545,0.3584284804074595,0.626450059583161,150,qwen3
