model_name,min_cluster_size,n_components,n_neighbors,diversity_score,c_v_score,npmi,doc_assignment_pct,number_of_topics
robbert,45,7,10,0.7159235668789808,0.441531420037957,-0.0639107961510368,0.7224007791575359,157
qwen3,45,12,10,0.6586666666666666,0.4513603856328056,-0.0415912052298793,0.6179449719990261,150
