model_name,min_cluster_size,n_components,n_neighbors,diversity_score,c_v_score,doc_assignment_pct,number_of_topics,run_id,doc_top20pct
robbert,45,7,10,0.7095541401273885,0.3790333454227152,0.7224007791575359,157,run_002,0.7030533235938642
mpnet,40,10,10,0.6823529411764706,0.3712854413619907,0.6269052836620405,153,run_001,0.6248892135378622
qwen3,45,10,10,0.6566433566433566,0.405214618410544,0.6357195032870708,143,run_002,0.6019138056975896
